저장일,저장시각,순위,상품코드,상품명,최종가,점포ID,점포명,브랜드,참고가격,판매가격,타임세일가,타임세일시간,쿠폰할인율,포인트,자사상품여부,이전순위,변동,상품URL,랭킹종류,카테고리
2026-10-01,01:02,1,1143083440,【10/1販売開始】美容神ゆりちゃん初コラボセット(ボディローション＆パフューム＆限定ギフトセット),4736,,,SENNOK,,,,,,,,,NEW,https://www.qoo10.jp/gmkt.inc/goods/goods.aspx?goodscode=1143083440,리얼타임,
2026-10-01,01:02,2,1050199001,【たまごちゃんコラボ】秋のゆらぎ肌集中肌管理セット,8157,,,Kopher,,,,,,,,,NEW,https://www.qoo10.jp/gmkt.inc/goods/goods.aspx?goodscode=1050199001,리얼타임,
2026-10-01,01:02,3,1217467118,【10/1~4限定特価】【新商品】デビルメルティングリップ (8色),1944,,,Laka,,,,,,,,,NEW,https://www.qoo10.jp/gmkt.inc/goods/goods.aspx?goodscode=1217467118,리얼타임,
2026-10-01,01:02,4,1159491559,5番透明肌つるんセット,3645,,,ナンバーズイン,,,,,,,,,NEW,https://www.qoo10.jp/gmkt.inc/goods/goods.aspx?goodscode=1159491559,리얼타임,
2026-10-01,01:02,5,1215659236,【10/1発売・Qoo10メガオシ先行登場！】スーパーレチノール ゼリー 10包,2065,,,バイタルビューティー,,,,,,,자사,,NEW,https://www.qoo10.jp/gmkt.inc/goods/goods.aspx?goodscode=1215659236,리얼타임,
2026-10-01,01:02,6,919803338,【3個選択】【10/1ご注文分からグッズプレゼント】/選べる1＋1＋1セット/ 水分チャージ & バリアケア 限定セット,4544,,,Ongredients,,,,,,,,,NEW,https://www.qoo10.jp/gmkt.inc/goods/goods.aspx?goodscode=919803338,리얼타임,
2026-10-01,01:02,7,1175151614,【セラムパック1枚ギフト】【ニキビ化粧水1位】9倍ドクダミ化粧水300ml/皮脂角質ケア/ドクダミ抽出物ケルセチン9倍濃縮した化粧水,2414,,,ブランネイチャー,,,,,,,,,NEW,https://www.qoo10.jp/gmkt.inc/goods/goods.aspx?goodscode=1175151614,리얼타임,
2026-10-01,01:02,8,1108221446,【美容神ゆりちゃんコラボ】復活！グルタチオンdeツルピカ透け活SET,4232,,,Kopher,,,,,,,,,NEW,https://www.qoo10.jp/gmkt.inc/goods/goods.aspx?goodscode=1108221446,리얼타임,
2026-10-01,01:02,9,1217875211,【10月メガポ限定企画！】Mizukiコラボセット,4455,,,フィー,,,,,,,,,NEW,https://www.qoo10.jp/gmkt.inc/goods/goods.aspx?goodscode=1217875211,리얼타임,
2026-10-01,01:02,10,1140044095,【公式メガポ限定特典】カーミングアイランド スージングマスク 80ml / 肌キメケア / 保湿マスク / 低刺激 / フェイスミスト / ツヤミスト,2961,,,FLORODORA,,,,,,,,,NEW,https://www.qoo10.jp/gmkt.inc/goods/goods.aspx?goodscode=1140044095,리얼타임,
2026-10-01,01:02,11,1213702336,スノーライン6点セット- バブルトナー/セラム/ クリーム/ミルククレンザー/フォームクレンザー/サンクリーム,15669,,,murav,,,,,,,,,NEW,https://www.qoo10.jp/gmkt.inc/goods/goods.aspx?goodscode=1213702336,리얼타임,
2026-10-01,01:02,12,1184639265,【飲む美容ケア】リポソームグルタチオン6000mg配合 / ビタミンC・E・レチノールA入り / 毎日の美容サポートサプリ / 1箱,3062,,,Onad,,,,,,,,,NEW,https://www.qoo10.jp/gmkt.inc/goods/goods.aspx?goodscode=1184639265,리얼타임,
2026-10-01,01:02,13,422592002,【ニキビ跡1位】マジックシカクリーム 60ml / 高濃縮カタツムリ配合 ニキビ跡 ニキビ 保湿 敏感肌,3880,,,ブランネイチャー,,,,,,,,33,UP 20,https://www.qoo10.jp/gmkt.inc/goods/goods.aspx?goodscode=422592002,리얼타임,
2026-10-01,01:02,14,1208521922,【総合ランキング1位】MiiS LIFT BRUSH＋ホワイトルミナドロップ セット【公式】リフトアップ 電動歯ブラシ 美容家電 ホワイトニング 歯磨き 美顔器 表情筋マッサージ 歯科医師考案,19800,,,MiiS,,,,,,,,,NEW,https://www.qoo10.jp/gmkt.inc/goods/goods.aspx?goodscode=1208521922,리얼타임,
2026-10-01,01:02,15,1083259765,【48% OFF】ブースタープロX2セット/ 美顔器,28350,,,メディキューブ,,,,,,,,2,DOWN 13,https://www.qoo10.jp/gmkt.inc/goods/goods.aspx?goodscode=1083259765,리얼타임,
2026-10-01,01:02,16,1157158159,10/1 00:00 ~【メガポ限定】KAYOコラボセット,4170,,,LIVELING,,,,,,,,,NEW,https://www.qoo10.jp/gmkt.inc/goods/goods.aspx?goodscode=1157158159,리얼타임,
2026-10-01,01:02,17,1210952978,【10/1-10/9限定予約販売:10/6~10/13頃に順次発送】ぎょうざのりさコラボセット/セットA：翌朝ぷるん スリーピングマスク2個セット/セットB：うるぷるツヤ肌 3STEPケアセット,3037,,,ONEOHOH,,,,,,,,,NEW,https://www.qoo10.jp/gmkt.inc/goods/goods.aspx?goodscode=1210952978,리얼타임,
2026-10-01,01:02,18,1209420782,【NATURIA公式】ぎょうざのりさコラボ Keratin イン&アウト 24時間フルケアセット ホームケア 韓国ヘアケア 髪質改善 美容室専売 ダメージケア ヘアパック 韓国美容室導入率NO,8980,,,NATURIA professional,,,,,,,,,NEW,https://www.qoo10.jp/gmkt.inc/goods/goods.aspx?goodscode=1209420782,리얼타임,
2026-10-01,01:02,19,588848595,【ニキビ1位】マジックティーツリーオイル 20ml5倍高濃縮ティーツリー成分／ニキビ超急速ケア／赤ニキビ・白ニキビ・大人ニキビ,2260,,,ブランネイチャー,,,,,,,,41,UP 22,https://www.qoo10.jp/gmkt.inc/goods/goods.aspx?goodscode=588848595,리얼타임,
2026-10-01,01:02,20,1188543681,"【公式】華世PICK! Dr.Reju-All PDRNデイリー潤いセット 韓国薬局 / PDRN 1,200ppm / 毛穴・弾力 / 施術ケア",4763,,,Dr.Reju-All,,,,,,,,,NEW,https://www.qoo10.jp/gmkt.inc/goods/goods.aspx?goodscode=1188543681,리얼타임,
2026-10-01,01:02,21,1052797262,【BEST】カラーウェアリップティント 全8色 水分エッセンス 保湿 マット シルキーマット,1774,,,FEEV,,,,,,,,,NEW,https://www.qoo10.jp/gmkt.inc/goods/goods.aspx?goodscode=1052797262,리얼타임,
2026-10-01,01:02,22,1113411264,6IN1 エンザイムウォッシュパウダー 40g / 80g 酵素洗顔 クレンジング トーンアップ,2673,,,CHICSKIN,,,,,,,,,NEW,https://www.qoo10.jp/gmkt.inc/goods/goods.aspx?goodscode=1113411264,리얼타임,
2026-10-01,01:02,23,1194290003,【Qoo10 Only】 PDRN ティンテッドリップアンプル (全13色)　自然な発色 / ケア光沢 / かっさリップ / ボリューム唇 / チークとしても使える,1806,,,Losy Kim,,,,,,,,,NEW,https://www.qoo10.jp/gmkt.inc/goods/goods.aspx?goodscode=1194290003,리얼타임,
2026-10-01,01:02,24,702910431,【365円～】manyoクリアランスセール (ガラク美容液 乳液 洗顔 クレンジングフォーム 化粧水 クリーム 日焼け止め ハンドクリーム）,729,,,manyo,,,,,,,,,NEW,https://www.qoo10.jp/gmkt.inc/goods/goods.aspx?goodscode=702910431,리얼타임,
2026-10-01,01:02,25,1093665118,BBクリーム&コンシーラーセット (blemish balm & concealer set),5970,,,glow,,,,,,,,,NEW,https://www.qoo10.jp/gmkt.inc/goods/goods.aspx?goodscode=1093665118,리얼타임,
2026-10-01,01:02,26,1183483407,【メガクーポン】プレイステーション5 デジタル・エディション 日本語専用 CFI-2200B01,51840,,,Qoo10,,,,,,,,,NEW,https://www.qoo10.jp/gmkt.inc/goods/goods.aspx?goodscode=1183483407,리얼타임,
2026-10-01,01:02,27,1159784530,【先着現品GIFT/秋ベース2点SET】ファンデーション(3種択1)+メイク下地(2種択1)/クッションファンデ/もちプライマー/VIDIVICI/毛穴カバー/デパコス,4519,,,VIDIVICI,,,,,,,,,NEW,https://www.qoo10.jp/gmkt.inc/goods/goods.aspx?goodscode=1159784530,리얼타임,
2026-10-01,01:02,28,1003435423,【最大51%OFF / 1・4・7日限定美容液本品贈呈】選べる美容液1＋1セット,3453,,,メディキューブ,,,,,,,,95,UP 67,https://www.qoo10.jp/gmkt.inc/goods/goods.aspx?goodscode=1003435423,리얼타임,
2026-10-01,01:02,29,1159705741,10/1 00:00 ~【メガポ限定】ぐっどもるにんぐコラボセット,5071,,,FLIMEAL,,,,,,,,36,UP 7,https://www.qoo10.jp/gmkt.inc/goods/goods.aspx?goodscode=1159705741,리얼타임,
2026-10-01,01:02,30,1219007997,【新商品】コンパクトミラーブラシ,2835,,,glow,,,,,,,,,NEW,https://www.qoo10.jp/gmkt.inc/goods/goods.aspx?goodscode=1219007997,리얼타임,
2026-10-01,01:02,31,1070906699,【先着特価！Gift付】選べる2個セット デイリーアクアセラムマスク （グローブースト/プランプハニーV1/ビタギビングV1/スージンググリーンV1）スキンケア フェイス パック 毛穴パ,2956,,,ByUR,,,,,,,,42,UP 11,https://www.qoo10.jp/gmkt.inc/goods/goods.aspx?goodscode=1070906699,리얼타임,
2026-10-01,01:02,32,1079609281,【10/1~メガポ限定特価】【1位クリーム/化粧水&クリーム付き】アトバリア 365 クリーム 80ml セット 保湿 セラミド エストラ AESTURA 公式 スキンケア,2592,,,AESTURA,,,,,,,계열,27,DOWN 5,https://www.qoo10.jp/gmkt.inc/goods/goods.aspx?goodscode=1079609281,리얼타임,
2026-10-01,01:02,33,1116420204,【10/1限定 実質50%OFF】 ザジューシーラスティングティント 全36色 / リップ / ティント,700,,,ロムアンド,,,,,,,,,NEW,https://www.qoo10.jp/gmkt.inc/goods/goods.aspx?goodscode=1116420204,리얼타임,
2026-10-01,01:02,34,1060127471,新色販売中【2+1】モラクワンデー10枚入り 2箱+1箱おまけ付き カラコン 度なし 度あり カラーコンタクトレンズ 1day 宮脇咲良,1989,,,モラク,,,,,,,,63,UP 29,https://www.qoo10.jp/gmkt.inc/goods/goods.aspx?goodscode=1060127471,리얼타임,
2026-10-01,01:02,35,1094684479,【lana__cosmeコラボ】【先着ギフト】お悩み別朝晩ルーティンSET /アスタキサンチン・赤ドクダミ・ブルーアガベ・シルクペプチド・美容液,3118,,,Sung Boon Editor,,,,,,,,,NEW,https://www.qoo10.jp/gmkt.inc/goods/goods.aspx?goodscode=1094684479,리얼타임,
2026-10-01,01:02,36,969369239,【10/1 CUコラボ発売】【BEST】ムードグロイティント（全32色）水膜ちゅるリップ／ちゅる桃リップ,1110,,,ペリペラ,,,,,,,,,NEW,https://www.qoo10.jp/gmkt.inc/goods/goods.aspx?goodscode=969369239,리얼타임,
2026-10-01,01:02,37,1194557346,【公式】秋のバリアリペアセット / センテラ / TECA / 美容液 / トナーパッド / シートマスク / クリーム / 高保湿 / 鎮静 / CICA,3460,,,SKIN1004,,,,,,,,,NEW,https://www.qoo10.jp/gmkt.inc/goods/goods.aspx?goodscode=1194557346,리얼타임,
2026-10-01,01:02,38,867217096,【公式】 ベターザンパレット / アイシャドウ / アイパレット 【豆乳カラーコレクションQoo10先行発売】,2549,,,ロムアンド,,,,,,,,,NEW,https://www.qoo10.jp/gmkt.inc/goods/goods.aspx?goodscode=867217096,리얼타임,
2026-10-01,01:02,39,1210332851,【メガクーポン】Meta Quest 3 512GB,94000,,,Oculus,,,,,,,,,NEW,https://www.qoo10.jp/gmkt.inc/goods/goods.aspx?goodscode=1210332851,리얼타임,
2026-10-01,01:02,40,1004072090,【先着特価！GIFT付】セラムフィット クッション ファンデーション （グロー / シルキーヌード / グローリフィル）ベースメイク ファンデーション クッションファンデ,1996,,,ByUR,,,,,,,,,NEW,https://www.qoo10.jp/gmkt.inc/goods/goods.aspx?goodscode=1004072090,리얼타임,
2026-10-01,01:02,41,1196826481,【3個セット】【食後ダイエットゼリー】コレオロジーカットゼリー 30本（ダイエット＋食後習慣＋炭水化物）/1ヶ月セット/カットゼリー10本/快調ゼリー/アサビゼリー,4601,,,FOODOLOGY,,,,,,,,86,UP 45,https://www.qoo10.jp/gmkt.inc/goods/goods.aspx?goodscode=1196826481,리얼타임,
2026-10-01,01:02,42,1162173110,10/1 00:00 ~【メガポ限定】KARA子コラボセット,3830,,,Redence,,,,,,,,,NEW,https://www.qoo10.jp/gmkt.inc/goods/goods.aspx?goodscode=1162173110,리얼타임,
2026-10-01,01:02,43,1146765461,【韓国で人気】レトックスライン / レモン酵素 / ボディバランスサプリ / ボディバランス / ダイエット / 乳酸菌・ビタミンC補給サプリ/　1ヶ月分 メガポ,2670,,,Balance Flow,,,,,,,,71,UP 28,https://www.qoo10.jp/gmkt.inc/goods/goods.aspx?goodscode=1146765461,리얼타임,
2026-10-01,01:02,44,959082304,ローション 7 保湿化粧水 リフィル 120ｍL 引き締め 保湿 ハリ 浸透 基礎化粧品 スキンケア 化粧水 リフィル [ギフトラッピング対応],15288,,,ポーラ,,,,,,,,,NEW,https://www.qoo10.jp/gmkt.inc/goods/goods.aspx?goodscode=959082304,리얼타임,
2026-10-01,01:02,45,1203803624,[韓国人気] 韓方ライン / 漢方ダイエット / 漢方 / ダイエット/ダイエットサプリメント/サプリ/インナービューティー/ビタミンC (1ヶ月分) メガポ,4447,,,朝鮮美家,,,,,,,,98,UP 53,https://www.qoo10.jp/gmkt.inc/goods/goods.aspx?goodscode=1203803624,리얼타임,
2026-10-01,01:02,46,1040221567,【公式】【新色】ソフトブラーリング アイパレット ／無双確定アイパレット／ 神パレット ／アイシャドウパレット,2260,,,ウェイクメイク,,,,,,,,77,UP 31,https://www.qoo10.jp/gmkt.inc/goods/goods.aspx?goodscode=1040221567,리얼타임,
2026-10-01,01:02,47,1213167968,【メガポ期間限定 実質20％OFF相当】Yunth 美顔器 Deep Boost ユンス,26730,,,Yunth,,,,,,,,,NEW,https://www.qoo10.jp/gmkt.inc/goods/goods.aspx?goodscode=1213167968,리얼타임,
2026-10-01,01:02,48,871502336,【最大52%OFF/専用ケース付】 選べるトナーパッド1+1セット,3485,,,メディキューブ,,,,,,,,,NEW,https://www.qoo10.jp/gmkt.inc/goods/goods.aspx?goodscode=871502336,리얼타임,
2026-10-01,01:02,49,1030757295,【10/1 0時~リードルショット700 数量限定特価】NO.1 針美容液 リードルショット（オリジナル美容針/ニードルショット/導入美容液）,3231,,,VTコスメティックス,,,,,,,,22,DOWN 27,https://www.qoo10.jp/gmkt.inc/goods/goods.aspx?goodscode=1030757295,리얼타임,
2026-10-01,01:02,50,1115607091,パナソニック【Panasonic】エアーマッサージャー はくだけキュッとリフレ ダークグレー EW-RA192-H【管理医療機器】,40419,,,パナソニック,,,,,,,,,NEW,https://www.qoo10.jp/gmkt.inc/goods/goods.aspx?goodscode=1115607091,리얼타임,
2026-10-01,01:02,51,1198056414,【クリニックLDM技術搭載】トゥエンティアップ ピンク ベージュ／LDM水滴超音波美顔器／全肌タイプ無刺激／ニキビ 肌荒れ 鎮静／肌のキメ ハリ 弾力／世界初特許Dual周波数／圧倒的軽量 108g,20169,,,THOME,,,,,,,,,NEW,https://www.qoo10.jp/gmkt.inc/goods/goods.aspx?goodscode=1198056414,리얼타임,
2026-10-01,01:02,52,1216888587,【manyo公式】NEW パンテノールセラミドエッセンストナー200ml（パンテノール セラミド 化粧水 保湿）,972,,,manyo,,,,,,,,,NEW,https://www.qoo10.jp/gmkt.inc/goods/goods.aspx?goodscode=1216888587,리얼타임,
2026-10-01,01:02,53,1008094349,【最安値挑戦!!!】 裏起毛 キティちゃん パジャマ ハローキティ 修学旅行 部屋着 スパイダーマン キティズボン 秋冬 ギャル スウェット レディース パンツ ルームウェア 裏起毛,323,,,Qoo10,,,,,,,,,NEW,https://www.qoo10.jp/gmkt.inc/goods/goods.aspx?goodscode=1008094349,리얼타임,
2026-10-01,01:02,54,1217438231,【1＋1】ハイパーシャインリップスティック／グロウリップ／立体感／アンニュイメイク,3586,,,RISKY,,,,,,,,,NEW,https://www.qoo10.jp/gmkt.inc/goods/goods.aspx?goodscode=1217438231,리얼타임,
2026-10-01,01:02,55,775669909,【サラ得】【最大48%OFF】角質オフすっきりセット / ゼロ毛穴パッド,4188,,,メディキューブ,,,,,,,,8,DOWN 47,https://www.qoo10.jp/gmkt.inc/goods/goods.aspx?goodscode=775669909,리얼타임,
2026-10-01,01:02,56,880124273,Qoo10限定！【脱色 5回分】イージーブロウトーンチェンジャー / イージーブロウムードチェンジャー / 単品・2点セット / ブリーチ / 眉毛脱色,2145,,,コスノリ,,,,,,,,16,DOWN 40,https://www.qoo10.jp/gmkt.inc/goods/goods.aspx?goodscode=880124273,리얼타임,
2026-10-01,01:02,57,1004075189,"【先着特価!GIFT付】5種UVトーンアップ下地 SPF50+ PA++++（グローピンク,カバリングベージュ,クリアブルー,ホワイト,UVエッセンス）ベースメイク 下地",1019,,,ByUR,,,,,,,,,NEW,https://www.qoo10.jp/gmkt.inc/goods/goods.aspx?goodscode=1004075189,리얼타임,
2026-10-01,01:02,58,1211094441,NEW!【超薄型＆超密着！】ゼロフィットウルトラシンスポットパッチ S-ZINC/メラCE (トラブルケア/アフターケア/ニキビパッチ),1523,,,Dr.Melaxin,,,,,,,,,NEW,https://www.qoo10.jp/gmkt.inc/goods/goods.aspx?goodscode=1211094441,리얼타임,
2026-10-01,01:02,59,965406886,【2個セット】【ダイエットサポート】コレオロジーカットPRO 120錠(60日分) (体脂肪+血糖値+炭水化物ケア・サポート)/1ヶ月セット/カットゼリー/単品,5110,,,FOODOLOGY,,,,,,,,94,UP 35,https://www.qoo10.jp/gmkt.inc/goods/goods.aspx?goodscode=965406886,리얼타임,
2026-10-01,01:02,60,1076066627,【メガポ限定】デイジークポーチすっぽりセット,2673,,,デイジーク,,,,,,,,,NEW,https://www.qoo10.jp/gmkt.inc/goods/goods.aspx?goodscode=1076066627,리얼타임,
2026-10-01,01:02,61,1216618982,【ラテエディション】リップ＆チークセット,2699,,,Dinto,,,,,,,,,NEW,https://www.qoo10.jp/gmkt.inc/goods/goods.aspx?goodscode=1216618982,리얼타임,
2026-10-01,01:02,62,1194260738,【最大49%OFF/スプレーヘッド付】選べる化粧水1+1セット,2933,,,メディキューブ,,,,,,,,,NEW,https://www.qoo10.jp/gmkt.inc/goods/goods.aspx?goodscode=1194260738,리얼타임,
2026-10-01,01:02,63,1102765780,【全2種・メガポ限定ボックス】3D ハリ貯金セット/コラーゲン毛穴レスちゅる肌セット,6561,,,バイオヒールボ,,,,,,,,,NEW,https://www.qoo10.jp/gmkt.inc/goods/goods.aspx?goodscode=1102765780,리얼타임,
2026-10-01,01:02,64,1218495007,［公式］【ORI01】【@ori0515コラボ】ORI的ベストオブベスト SET (［ピンク］コラーゲンアンプルプログラム + ビタCグロウラインブライトニングビタトーニングアンプル),23238,,,LAVIEN,,,,,,,,,NEW,https://www.qoo10.jp/gmkt.inc/goods/goods.aspx?goodscode=1218495007,리얼타임,
2026-10-01,01:02,65,1190188012,【10/1~メガポ限定特価/限定GIFT】【インナードライに/洗顔&化粧水付き】アトバリア365 ハイドロスージングクリーム 80ml クリーム セラミド AEST,2592,,,AESTURA,,,,,,,계열,81,UP 16,https://www.qoo10.jp/gmkt.inc/goods/goods.aspx?goodscode=1190188012,리얼타임,
2026-10-01,01:02,66,1047700391,【先着特価！GIFT付】セラムフィット ルースフェイスパウダー （クリア/パール/モイストクリア/モイストパール）ベースメイク パウダー ルースパウダー,1568,,,ByUR,,,,,,,,,NEW,https://www.qoo10.jp/gmkt.inc/goods/goods.aspx?goodscode=1047700391,리얼타임,
2026-10-01,01:02,67,1057441761,【もれなく1箱無料！】LARME ラルムシリコンハイドロゲル WモイストUV & モイスチャーUV 回らない水光　軸固定 カラコン(1箱10枚入り),2851,,,ラルム,,,,,,,,67,SAME,https://www.qoo10.jp/gmkt.inc/goods/goods.aspx?goodscode=1057441761,리얼타임,
2026-10-01,01:02,68,1094366420,【10/1 限定特価！】韓国1位 プレミアム大容量ディフューザー 500ml×2本[hetras/へトラス],2592,,,ヘトラス,,,,,,,,20,DOWN 48,https://www.qoo10.jp/gmkt.inc/goods/goods.aspx?goodscode=1094366420,리얼타임,
2026-10-01,01:02,69,1218518948,【2026新 日本初上陸】雪花バレエシリーズ allin/コスメセット/ギフトボックス/新作コスメフルセット/アイシャドウ/チーク/パウダー/手鏡/リップグロス/香水/リキッドチーク/ハイライト,64799,,,FLOWER KNOWS,,,,,,,,,NEW,https://www.qoo10.jp/gmkt.inc/goods/goods.aspx?goodscode=1218518948,리얼타임,
2026-10-01,01:02,70,983103404,【10/1メガポ】選べる美容液1+1セット,4536,,,アヌア,,,,,,,,5,DOWN 65,https://www.qoo10.jp/gmkt.inc/goods/goods.aspx?goodscode=983103404,리얼타임,
2026-10-01,01:02,71,1103518685,アゼライン酸15 インテンスカーミングセラム 30ml,2268,,,アヌア,,,,,,,,24,DOWN 47,https://www.qoo10.jp/gmkt.inc/goods/goods.aspx?goodscode=1103518685,리얼타임,
2026-10-01,01:02,72,1213737612,スノー センシティブ スキンケア3点セット- バブルトナー/セラム/クリーム,9999,,,murav,,,,,,,,,NEW,https://www.qoo10.jp/gmkt.inc/goods/goods.aspx?goodscode=1213737612,리얼타임,
2026-10-01,01:02,73,1114201571,PDRN ヒアルロン酸カプセル100 セラム 30ml / 50ml (単品/セット),2592,,,アヌア,,,,,,,,3,DOWN 70,https://www.qoo10.jp/gmkt.inc/goods/goods.aspx?goodscode=1114201571,리얼타임,
2026-10-01,01:02,74,1041145702,【NEW】ヌーグロウホワイトクッション #ヒアルツヤ / カバーマスターピンク / メッシュマット / グロウクッションファンデーション(4種),2281,,,hince,,,,,,,,,NEW,https://www.qoo10.jp/gmkt.inc/goods/goods.aspx?goodscode=1041145702,리얼타임,
2026-10-01,01:02,75,1196800249,【Mizukiコラボ】選べる２種/３種ライン使いでシミ/ニキビ跡/色素沈着打破クマ消し/トナー/セラム/アイクリーム,3054,,,JUMISO,,,,,,,,,NEW,https://www.qoo10.jp/gmkt.inc/goods/goods.aspx?goodscode=1196800249,리얼타임,
2026-10-01,01:02,76,1106927169,【公式】THE VITA レチナールショットタイトニングブースター 15ml / レチナールスポットクリーム / ハリ・弾力ケア,2155,,,celimax,,,,,,,,6,DOWN 70,https://www.qoo10.jp/gmkt.inc/goods/goods.aspx?goodscode=1106927169,리얼타임,
2026-10-01,01:02,77,1084378714,【10/1限定GIFT!】先行発売！美容液配合 UV 生肌パウダー 冬の乾燥対策 メイクキープUP MEGA BEAUTY AWARDS パウダー 3位 ルースパウダー,1870,,,PERFECT DIARY,,,,,,,,99,UP 22,https://www.qoo10.jp/gmkt.inc/goods/goods.aspx?goodscode=1084378714,리얼타임,
2026-10-01,01:02,78,1027736116,10月メガポ限定！選べるシートマスクセット/カフェインVリフティングマスク/パープルライスPDRNハイドロゲルマスク/パンシカ ゼリーマスクパック/リバースブレンディングマスクパック,6380,,,blanc diva,,,,,,,,,NEW,https://www.qoo10.jp/gmkt.inc/goods/goods.aspx?goodscode=1027736116,리얼타임,
2026-10-01,01:02,79,1021126500,【新色登場】【2箱】レインモア 韓国 カラコン 1day 水光 1箱10枚入 レインモカ グローイティア レインブラック ビッググローイ,2766,,,OLENS,,,,,,,,10,DOWN 69,https://www.qoo10.jp/gmkt.inc/goods/goods.aspx?goodscode=1021126500,리얼타임,
2026-10-01,01:02,80,1123672717,特典贈呈 / 10/12出荷 【現場購入】ATEEZ 8th Anniversary Exhibition BLUE DRIFT OFFICIAL MD 1,5338,,,KQエンターテインメント,,,,,,,,,NEW,https://www.qoo10.jp/gmkt.inc/goods/goods.aspx?goodscode=1123672717,리얼타임,
2026-10-01,01:02,81,897781261,【NM.公式】【新色発売】オーバーデューグロッシーリップティント,1426,,,NAMING,,,,,,,,,NEW,https://www.qoo10.jp/gmkt.inc/goods/goods.aspx?goodscode=897781261,리얼타임,
2026-10-01,01:02,82,1108298022,【2026MBA上半期総合大賞1位】【大容量】【BEST】ザアルファアルブチン2ニキビ跡ケアセラム(50mL) /トラネキサム酸 ナイアシン RX,1988,,,COSRX,,,,,,,,40,DOWN 42,https://www.qoo10.jp/gmkt.inc/goods/goods.aspx?goodscode=1108298022,리얼타임,
2026-10-01,01:02,83,1137112058,コンシーラー発想の新感覚/スキンレイヤーフィットチーク全20色,1077,,,ABOUT TONE,,,,,,,,,NEW,https://www.qoo10.jp/gmkt.inc/goods/goods.aspx?goodscode=1137112058,리얼타임,
2026-10-01,01:02,84,1216239933,【メガ割・メガポ】 [新品] Nintendo Switch 2 スプラトゥーン レイダース セット BEE-S-KB6PE,55809,,,任天堂スイッチ,,,,,,,,,NEW,https://www.qoo10.jp/gmkt.inc/goods/goods.aspx?goodscode=1216239933,리얼타임,
2026-10-01,01:02,85,1019663583,【メガポ限定特価&GIFT】【10/1限定フレーバー発売】リップスリーピングマスク 朝映えリップ 翌朝ぷるん唇 潤い ビタミンC ココナッツオイル シアバター 新フレーバー,1694,,,ラネージュ,,,,,,,계열,,NEW,https://www.qoo10.jp/gmkt.inc/goods/goods.aspx?goodscode=1019663583,리얼타임,
2026-10-01,01:02,86,1105665841,【新作】【メガポ限定】うるおいバリアパンテノールセット（パンテノール セラミド 化粧水 クリーム 保湿 乾燥肌 ゆらぎ肌）,3213,,,manyo,,,,,,,,93,UP 7,https://www.qoo10.jp/gmkt.inc/goods/goods.aspx?goodscode=1105665841,리얼타임,
2026-10-01,01:02,87,1206213177,［公式］【ORI02】【@ori0515コラボ】コラーゲン二刀流 SET(［ピンク］コラーゲンアンプルプログラム +［白］コラーゲンプロフェッショナルプログラム),18150,,,LAVIEN,,,,,,,,,NEW,https://www.qoo10.jp/gmkt.inc/goods/goods.aspx?goodscode=1206213177,리얼타임,
2026-10-01,01:02,88,1180170833,【他社より強い出力】EMSブイセラ単品(江南エステ導入 / 二重あご / 輪郭 / たるみ),9600,,,Mommy Care,,,,,,,,,NEW,https://www.qoo10.jp/gmkt.inc/goods/goods.aspx?goodscode=1180170833,리얼타임,
2026-10-01,01:02,89,1018441282,【新色登場】【1箱】レインモア 韓国 カラコン 1day 水光 1箱10枚入 レインモカ グローイティア レインブラック ビッググローイ,1411,,,OLENS,,,,,,,,,NEW,https://www.qoo10.jp/gmkt.inc/goods/goods.aspx?goodscode=1018441282,리얼타임,
2026-10-01,01:02,90,1202230004,【限定GIFT／公式】バニーガーデンテイルズ ブルームガーデングランドボックス,51840,,,FLOWER KNOWS,,,,,,,,,NEW,https://www.qoo10.jp/gmkt.inc/goods/goods.aspx?goodscode=1202230004,리얼타임,
2026-10-01,01:02,91,1132639284,"[特典,現場購入,10/12順次出荷] ATEEZ 8th Anniversary Exhibition BLUE DRIFT OFFICIAL MD 1",5338,,,KQエンターテインメント,,,,,,,,,NEW,https://www.qoo10.jp/gmkt.inc/goods/goods.aspx?goodscode=1132639284,리얼타임,
2026-10-01,01:02,92,662795782,【10/1 0時~レチナール+ビタミンC限定特価】VTデイリーマスク (レチナール/ビタミンC/アスタキサンチン/CICA/PDRN/アゼライン酸/トラネキサム酸),1930,,,VTコスメティックス,,,,,,,,7,DOWN 85,https://www.qoo10.jp/gmkt.inc/goods/goods.aspx?goodscode=662795782,리얼타임,
2026-10-01,01:02,93,1073603287,グリシルグリシン3.0ポアセラム 30ml,2754,,,セラディックス,,,,,,,,37,DOWN 56,https://www.qoo10.jp/gmkt.inc/goods/goods.aspx?goodscode=1073603287,리얼타임,
2026-10-01,01:02,94,1191892097,[公式][2個セット] キャラメルグレーズ & ムードレイヤースティックセット,2626,,,alternative stereo,,,,,,,,,NEW,https://www.qoo10.jp/gmkt.inc/goods/goods.aspx?goodscode=1191892097,리얼타임,
2026-10-01,01:02,95,1059011335,【2個セット/単品】【毛穴1位】グリーントマト NMN ポア リフティング アンプル40ml,2227,,,Sung Boon Editor,,,,,,,,17,DOWN 78,https://www.qoo10.jp/gmkt.inc/goods/goods.aspx?goodscode=1059011335,리얼타임,
2026-10-01,01:02,96,1130169567,森暖奈PICK【10/1~2特価】【温熱＋振動】アイクリーム3種 NMNリフト ボリューム グルタチオンアイクリーム20ml 美顔器 目元集中ケア 美顔器 しわ シミ くすみ エイジング ハリ・弾力,3062,,,シャルド,,,,,,,,,NEW,https://www.qoo10.jp/gmkt.inc/goods/goods.aspx?goodscode=1130169567,리얼타임,
2026-10-01,01:02,97,1048465578,【体型&体脂肪ケアに】3点購入で1点贈呈 【脂肪CUTアンプル10本】 ダイエットショット10本　体脂肪　ランキング　食欲抑制　飲み物　韓国　サプリ ブースター　むくみ　サプリ,3238,,,ダルシム,,,,,,,,,NEW,https://www.qoo10.jp/gmkt.inc/goods/goods.aspx?goodscode=1048465578,리얼타임,
2026-10-01,01:02,98,1217825819,[Ella Pick][公式] PDRNエアシルク UVサンセラム 30ml SPF50+ PA++++ /日焼け止め 美容液/ 化粧下地/ ナイアシンアミド/ 保湿/ トーンアップケア/ 韓国コス,8000,,,BIDANORI,,,,,,,,,NEW,https://www.qoo10.jp/gmkt.inc/goods/goods.aspx?goodscode=1217825819,리얼타임,
2026-10-01,01:02,99,1181264631,[9月新作 / 公式]リップポーション キャラメルグレーズ,1590,,,alternative stereo,,,,,,,,,NEW,https://www.qoo10.jp/gmkt.inc/goods/goods.aspx?goodscode=1181264631,리얼타임,
2026-10-01,01:02,100,1204422003,【NEW】Barrier Reboot デイリーモイスチャライザー/ウォータージェルクリーム/インテンシブクリーム100ml,2754,,,アヌア,,,,,,,,,NEW,https://www.qoo10.jp/gmkt.inc/goods/goods.aspx?goodscode=1204422003,리얼타임,
